citing,cited,year,kind
2609.04199,2609.04198,2026,shared-category
2609.04199,2609.04194,2026,shared-category
2609.04199,2609.04189,2026,shared-category
2609.04199,2609.04168,2026,shared-category
2609.04199,2609.04165,2026,shared-category
2609.04199,2609.04147,2026,shared-category
2609.04199,2609.04134,2026,shared-category
2609.04199,2609.04113,2026,shared-category
2609.04199,2609.04108,2026,shared-category
2609.04199,2609.04105,2026,shared-category
2609.04199,2609.04094,2026,shared-category
2609.04199,2609.04090,2026,shared-category
2609.04199,2609.04066,2026,shared-category
2609.04199,2609.04046,2026,shared-category
2609.04199,2609.04028,2026,shared-category
2609.04199,2609.04021,2026,shared-category
2609.04199,2609.04018,2026,shared-category
2609.04199,2609.04013,2026,shared-category
2609.04199,2609.04011,2026,shared-category
2609.04199,2609.04010,2026,shared-category
2609.04199,2609.04007,2026,shared-category
2609.04199,2609.03981,2026,shared-category
2609.04199,2609.03977,2026,shared-category
2609.04199,2609.03972,2026,shared-category
2609.04199,2609.03956,2026,shared-category
2609.04199,2609.03955,2026,shared-category
2609.04199,2609.03949,2026,shared-category
2609.04199,2609.03941,2026,shared-category
2609.04199,2609.03937,2026,shared-category
2609.04199,2609.03931,2026,shared-category
2609.04199,2609.03901,2026,shared-category
2609.04199,2609.03900,2026,shared-category
2609.04198,2609.04194,2026,shared-category
2609.04198,2609.04189,2026,shared-category
2609.04198,2609.04168,2026,shared-category
2609.04198,2609.04165,2026,shared-category
2609.04198,2609.04147,2026,shared-category
2609.04198,2609.04134,2026,shared-category
2609.04198,2609.04113,2026,shared-category
2609.04198,2609.04108,2026,shared-category
2609.04198,2609.04105,2026,shared-category
2609.04198,2609.04094,2026,shared-category
2609.04198,2609.04090,2026,shared-category
2609.04198,2609.04066,2026,shared-category
2609.04198,2609.04046,2026,shared-category
2609.04198,2609.04028,2026,shared-category
2609.04198,2609.04021,2026,shared-category
2609.04198,2609.04018,2026,shared-category
2609.04198,2609.04013,2026,shared-category
2609.04198,2609.04011,2026,shared-category
2609.04198,2609.04010,2026,shared-category
2609.04198,2609.04007,2026,shared-category
2609.04198,2609.03981,2026,shared-category
2609.04198,2609.03977,2026,shared-category
2609.04198,2609.03972,2026,shared-category
2609.04198,2609.03956,2026,shared-category
2609.04198,2609.03955,2026,shared-category
2609.04198,2609.03949,2026,shared-category
2609.04198,2609.03941,2026,shared-category
2609.04198,2609.03937,2026,shared-category
2609.04198,2609.03931,2026,shared-category
2609.04198,2609.03901,2026,shared-category
2609.04198,2609.03900,2026,shared-category
2609.04194,2609.04189,2026,shared-category
2609.04194,2609.04168,2026,shared-category
2609.04194,2609.04165,2026,shared-category
2609.04194,2609.04147,2026,shared-category
2609.04194,2609.04134,2026,shared-category
2609.04194,2609.04113,2026,shared-category
2609.04194,2609.04108,2026,shared-category
2609.04194,2609.04105,2026,shared-category
2609.04194,2609.04094,2026,shared-category
2609.04194,2609.04090,2026,shared-category
2609.04194,2609.04066,2026,shared-category
2609.04194,2609.04046,2026,shared-category
2609.04194,2609.04028,2026,shared-category
2609.04194,2609.04021,2026,shared-category
2609.04194,2609.04018,2026,shared-category
2609.04194,2609.04013,2026,shared-category
2609.04194,2609.04011,2026,shared-category
2609.04194,2609.04010,2026,shared-category
2609.04194,2609.04007,2026,shared-category
2609.04194,2609.03981,2026,shared-category
2609.04194,2609.03977,2026,shared-category
2609.04194,2609.03972,2026,shared-category
2609.04194,2609.03956,2026,shared-category
2609.04194,2609.03955,2026,shared-category
2609.04194,2609.03949,2026,shared-category
2609.04194,2609.03941,2026,shared-category
2609.04194,2609.03937,2026,shared-category
2609.04194,2609.03931,2026,shared-category
2609.04194,2609.03901,2026,shared-category
2609.04194,2609.03900,2026,shared-category
2609.04189,2609.04168,2026,shared-category
2609.04189,2609.04165,2026,shared-category
2609.04189,2609.04147,2026,shared-category
2609.04189,2609.04134,2026,shared-category
2609.04189,2609.04113,2026,shared-category
2609.04189,2609.04108,2026,shared-category
2609.04189,2609.04105,2026,shared-category
2609.04189,2609.04094,2026,shared-category
2609.04189,2609.04090,2026,shared-category
2609.04189,2609.04066,2026,shared-category
2609.04189,2609.04046,2026,shared-category
2609.04189,2609.04028,2026,shared-category
2609.04189,2609.04021,2026,shared-category
2609.04189,2609.04018,2026,shared-category
2609.04189,2609.04013,2026,shared-category
2609.04189,2609.04011,2026,shared-category
2609.04189,2609.04010,2026,shared-category
2609.04189,2609.04007,2026,shared-category
2609.04189,2609.03981,2026,shared-category
2609.04189,2609.03977,2026,shared-category
2609.04189,2609.03972,2026,shared-category
2609.04189,2609.03956,2026,shared-category
2609.04189,2609.03955,2026,shared-category
2609.04189,2609.03949,2026,shared-category
2609.04189,2609.03941,2026,shared-category
2609.04189,2609.03937,2026,shared-category
2609.04189,2609.03931,2026,shared-category
2609.04189,2609.03901,2026,shared-category
2609.04189,2609.03900,2026,shared-category
2609.04168,2609.04165,2026,shared-category
2609.04168,2609.04147,2026,shared-category
2609.04168,2609.04134,2026,shared-category
2609.04168,2609.04113,2026,shared-category
2609.04168,2609.04108,2026,shared-category
2609.04168,2609.04105,2026,shared-category
2609.04168,2609.04094,2026,shared-category
2609.04168,2609.04090,2026,shared-category
2609.04168,2609.04066,2026,shared-category
2609.04168,2609.04046,2026,shared-category
2609.04168,2609.04028,2026,shared-category
2609.04168,2609.04021,2026,shared-category
2609.04168,2609.04018,2026,shared-category
2609.04168,2609.04013,2026,shared-category
2609.04168,2609.04011,2026,shared-category
2609.04168,2609.04010,2026,shared-category
2609.04168,2609.04007,2026,shared-category
2609.04168,2609.03981,2026,shared-category
2609.04168,2609.03977,2026,shared-category
2609.04168,2609.03972,2026,shared-category
2609.04168,2609.03956,2026,shared-category
2609.04168,2609.03955,2026,shared-category
2609.04168,2609.03949,2026,shared-category
2609.04168,2609.03941,2026,shared-category
2609.04168,2609.03937,2026,shared-author
2609.04168,2609.03931,2026,shared-category
2609.04168,2609.03901,2026,shared-category
2609.04168,2609.03900,2026,shared-category
2609.04165,2609.04147,2026,shared-category
2609.04165,2609.04134,2026,shared-category
2609.04165,2609.04113,2026,shared-category
2609.04165,2609.04108,2026,shared-category
2609.04165,2609.04105,2026,shared-category
2609.04165,2609.04094,2026,shared-category
2609.04165,2609.04090,2026,shared-category
2609.04165,2609.04066,2026,shared-category
2609.04165,2609.04046,2026,shared-category
2609.04165,2609.04028,2026,shared-category
2609.04165,2609.04021,2026,shared-category
2609.04165,2609.04018,2026,shared-category
2609.04165,2609.04013,2026,shared-category
2609.04165,2609.04011,2026,shared-category
2609.04165,2609.04010,2026,shared-category
2609.04165,2609.04007,2026,shared-category
2609.04165,2609.03981,2026,shared-category
2609.04165,2609.03977,2026,shared-category
2609.04165,2609.03972,2026,shared-category
2609.04165,2609.03956,2026,shared-category
2609.04165,2609.03955,2026,shared-category
2609.04165,2609.03949,2026,shared-category
2609.04165,2609.03941,2026,shared-category
2609.04165,2609.03937,2026,shared-category
2609.04165,2609.03931,2026,shared-category
2609.04165,2609.03901,2026,shared-category
2609.04165,2609.03900,2026,shared-category
2609.04147,2609.04134,2026,shared-category
2609.04147,2609.04113,2026,shared-category
2609.04147,2609.04108,2026,shared-category
2609.04147,2609.04105,2026,shared-category
2609.04147,2609.04094,2026,shared-category
2609.04147,2609.04090,2026,shared-category
2609.04147,2609.04066,2026,shared-category
2609.04147,2609.04046,2026,shared-category
2609.04147,2609.04028,2026,shared-category
2609.04147,2609.04021,2026,shared-category
2609.04147,2609.04018,2026,shared-category
2609.04147,2609.04013,2026,shared-category
2609.04147,2609.04011,2026,shared-category
2609.04147,2609.04010,2026,shared-category
2609.04147,2609.04007,2026,shared-category
2609.04147,2609.03981,2026,shared-category
2609.04147,2609.03977,2026,shared-category
2609.04147,2609.03972,2026,shared-category
2609.04147,2609.03956,2026,shared-category
2609.04147,2609.03955,2026,shared-category
2609.04147,2609.03949,2026,shared-category
2609.04147,2609.03941,2026,shared-category
2609.04147,2609.03937,2026,shared-category
2609.04147,2609.03931,2026,shared-category
2609.04147,2609.03901,2026,shared-category
2609.04147,2609.03900,2026,shared-category
2609.04134,2609.04113,2026,shared-category
2609.04134,2609.04108,2026,shared-category
2609.04134,2609.04105,2026,shared-category
2609.04134,2609.04094,2026,shared-category
2609.04134,2609.04090,2026,shared-category
2609.04134,2609.04066,2026,shared-category
2609.04134,2609.04046,2026,shared-category
2609.04134,2609.04028,2026,shared-category
2609.04134,2609.04021,2026,shared-category
2609.04134,2609.04018,2026,shared-category
2609.04134,2609.04013,2026,shared-category
2609.04134,2609.04011,2026,shared-category
2609.04134,2609.04010,2026,shared-category
2609.04134,2609.04007,2026,shared-category
2609.04134,2609.03981,2026,shared-category
2609.04134,2609.03977,2026,shared-category
2609.04134,2609.03972,2026,shared-category
2609.04134,2609.03956,2026,shared-category
2609.04134,2609.03955,2026,shared-category
2609.04134,2609.03949,2026,shared-category
2609.04134,2609.03941,2026,shared-category
2609.04134,2609.03937,2026,shared-category
2609.04134,2609.03931,2026,shared-category
2609.04134,2609.03901,2026,shared-category
2609.04134,2609.03900,2026,shared-category
2609.04113,2609.04108,2026,shared-category
2609.04113,2609.04105,2026,shared-category
2609.04113,2609.04094,2026,shared-category
2609.04113,2609.04090,2026,shared-category
2609.04113,2609.04066,2026,shared-category
2609.04113,2609.04046,2026,shared-category
2609.04113,2609.04028,2026,shared-category
2609.04113,2609.04021,2026,shared-category
2609.04113,2609.04018,2026,shared-category
2609.04113,2609.04013,2026,shared-category
2609.04113,2609.04011,2026,shared-category
2609.04113,2609.04010,2026,shared-category
2609.04113,2609.04007,2026,shared-category
2609.04113,2609.03981,2026,shared-category
2609.04113,2609.03977,2026,shared-category
2609.04113,2609.03972,2026,shared-category
2609.04113,2609.03956,2026,shared-category
2609.04113,2609.03955,2026,shared-category
2609.04113,2609.03949,2026,shared-category
2609.04113,2609.03941,2026,shared-category
2609.04113,2609.03937,2026,shared-category
2609.04113,2609.03931,2026,shared-category
2609.04113,2609.03901,2026,shared-category
2609.04113,2609.03900,2026,shared-category
2609.04108,2609.04105,2026,shared-category
2609.04108,2609.04094,2026,shared-category
2609.04108,2609.04090,2026,shared-category
2609.04108,2609.04066,2026,shared-category
2609.04108,2609.04046,2026,shared-category
2609.04108,2609.04028,2026,shared-category
2609.04108,2609.04021,2026,shared-category
2609.04108,2609.04018,2026,shared-category
2609.04108,2609.04013,2026,shared-category
2609.04108,2609.04011,2026,shared-category
2609.04108,2609.04010,2026,shared-category
2609.04108,2609.04007,2026,shared-category
2609.04108,2609.03981,2026,shared-category
2609.04108,2609.03977,2026,shared-category
2609.04108,2609.03972,2026,shared-category
2609.04108,2609.03956,2026,shared-category
2609.04108,2609.03955,2026,shared-category
2609.04108,2609.03949,2026,shared-category
2609.04108,2609.03941,2026,shared-category
2609.04108,2609.03937,2026,shared-category
2609.04108,2609.03931,2026,shared-category
2609.04108,2609.03901,2026,shared-category
2609.04108,2609.03900,2026,shared-category
2609.04105,2609.04094,2026,shared-category
2609.04105,2609.04090,2026,shared-category
2609.04105,2609.04066,2026,shared-category
2609.04105,2609.04046,2026,shared-category
2609.04105,2609.04028,2026,shared-category
2609.04105,2609.04021,2026,shared-category
2609.04105,2609.04018,2026,shared-category
2609.04105,2609.04013,2026,shared-category
2609.04105,2609.04011,2026,shared-category
2609.04105,2609.04010,2026,shared-category
2609.04105,2609.04007,2026,shared-category
2609.04105,2609.03981,2026,shared-category
2609.04105,2609.03977,2026,shared-category
2609.04105,2609.03972,2026,shared-category
2609.04105,2609.03956,2026,shared-category
2609.04105,2609.03955,2026,shared-category
2609.04105,2609.03949,2026,shared-category
2609.04105,2609.03941,2026,shared-category
2609.04105,2609.03937,2026,shared-category
2609.04105,2609.03931,2026,shared-category
2609.04105,2609.03901,2026,shared-category
2609.04105,2609.03900,2026,shared-category
2609.04094,2609.04090,2026,shared-category
2609.04094,2609.04066,2026,shared-category
2609.04094,2609.04046,2026,shared-category
2609.04094,2609.04028,2026,shared-category
2609.04094,2609.04021,2026,shared-category
2609.04094,2609.04018,2026,shared-category
2609.04094,2609.04013,2026,shared-category
2609.04094,2609.04011,2026,shared-category
2609.04094,2609.04010,2026,shared-category
2609.04094,2609.04007,2026,shared-category
2609.04094,2609.03981,2026,shared-category
2609.04094,2609.03977,2026,shared-category
2609.04094,2609.03972,2026,shared-category
2609.04094,2609.03956,2026,shared-category
2609.04094,2609.03955,2026,shared-category
2609.04094,2609.03949,2026,shared-category
2609.04094,2609.03941,2026,shared-category
2609.04094,2609.03937,2026,shared-category
2609.04094,2609.03931,2026,shared-category
2609.04094,2609.03901,2026,shared-category
2609.04094,2609.03900,2026,shared-category
2609.04090,2609.04066,2026,shared-category
2609.04090,2609.04046,2026,shared-category
2609.04090,2609.04028,2026,shared-category
2609.04090,2609.04021,2026,shared-category
2609.04090,2609.04018,2026,shared-category
2609.04090,2609.04013,2026,shared-category
2609.04090,2609.04011,2026,shared-category
2609.04090,2609.04010,2026,shared-category
2609.04090,2609.04007,2026,shared-category
2609.04090,2609.03981,2026,shared-category
2609.04090,2609.03977,2026,shared-category
2609.04090,2609.03972,2026,shared-category
2609.04090,2609.03956,2026,shared-category
2609.04090,2609.03955,2026,shared-category
2609.04090,2609.03949,2026,shared-category
2609.04090,2609.03941,2026,shared-category
2609.04090,2609.03937,2026,shared-category
2609.04090,2609.03931,2026,shared-category
2609.04090,2609.03901,2026,shared-category
2609.04090,2609.03900,2026,shared-category
2609.04066,2609.04046,2026,shared-category
2609.04066,2609.04028,2026,shared-category
2609.04066,2609.04021,2026,shared-category
2609.04066,2609.04018,2026,shared-category
2609.04066,2609.04013,2026,shared-category
2609.04066,2609.04011,2026,shared-category
2609.04066,2609.04010,2026,shared-category
2609.04066,2609.04007,2026,shared-category
2609.04066,2609.03981,2026,shared-category
2609.04066,2609.03977,2026,shared-category
2609.04066,2609.03972,2026,shared-category
2609.04066,2609.03956,2026,shared-category
2609.04066,2609.03955,2026,shared-category
2609.04066,2609.03949,2026,shared-category
2609.04066,2609.03941,2026,shared-category
2609.04066,2609.03937,2026,shared-category
2609.04066,2609.03931,2026,shared-category
2609.04066,2609.03901,2026,shared-category
2609.04066,2609.03900,2026,shared-category
2609.04046,2609.04028,2026,shared-category
2609.04046,2609.04021,2026,shared-category
2609.04046,2609.04018,2026,shared-category
2609.04046,2609.04013,2026,shared-category
2609.04046,2609.04011,2026,shared-category
2609.04046,2609.04010,2026,shared-category
2609.04046,2609.04007,2026,shared-category
2609.04046,2609.03981,2026,shared-category
2609.04046,2609.03977,2026,shared-category
2609.04046,2609.03972,2026,shared-category
2609.04046,2609.03956,2026,shared-category
2609.04046,2609.03955,2026,shared-category
2609.04046,2609.03949,2026,shared-category
2609.04046,2609.03941,2026,shared-category
2609.04046,2609.03937,2026,shared-category
2609.04046,2609.03931,2026,shared-category
2609.04046,2609.03901,2026,shared-category
2609.04046,2609.03900,2026,shared-category
2609.04033,2609.03963,2026,shared-category
2609.04033,2609.03932,2026,shared-category
2609.04028,2609.04021,2026,shared-category
2609.04028,2609.04018,2026,shared-category
2609.04028,2609.04013,2026,shared-category
2609.04028,2609.04011,2026,shared-category
2609.04028,2609.04010,2026,shared-category
2609.04028,2609.04007,2026,shared-category
2609.04028,2609.03981,2026,shared-category
2609.04028,2609.03977,2026,shared-category
2609.04028,2609.03972,2026,shared-category
2609.04028,2609.03956,2026,shared-category
2609.04028,2609.03955,2026,shared-category
2609.04028,2609.03949,2026,shared-category
2609.04028,2609.03941,2026,shared-category
2609.04028,2609.03937,2026,shared-category
2609.04028,2609.03931,2026,shared-category
2609.04028,2609.03901,2026,shared-category
2609.04028,2609.03900,2026,shared-category
2609.04021,2609.04018,2026,shared-category
2609.04021,2609.04013,2026,shared-category
2609.04021,2609.04011,2026,shared-category
2609.04021,2609.04010,2026,shared-category
2609.04021,2609.04007,2026,shared-category
2609.04021,2609.03981,2026,shared-category
2609.04021,2609.03977,2026,shared-category
2609.04021,2609.03972,2026,shared-category
2609.04021,2609.03956,2026,shared-category
2609.04021,2609.03955,2026,shared-category
2609.04021,2609.03949,2026,shared-category
2609.04021,2609.03941,2026,shared-category
2609.04021,2609.03937,2026,shared-category
2609.04021,2609.03931,2026,shared-category
2609.04021,2609.03901,2026,shared-category
2609.04021,2609.03900,2026,shared-category
2609.04018,2609.04013,2026,shared-category
2609.04018,2609.04011,2026,shared-category
2609.04018,2609.04010,2026,shared-category
2609.04018,2609.04007,2026,shared-category
2609.04018,2609.03981,2026,shared-category
2609.04018,2609.03977,2026,shared-category
2609.04018,2609.03972,2026,shared-category
2609.04018,2609.03956,2026,shared-category
2609.04018,2609.03955,2026,shared-category
2609.04018,2609.03949,2026,shared-category
2609.04018,2609.03941,2026,shared-category
2609.04018,2609.03937,2026,shared-category
2609.04018,2609.03931,2026,shared-category
2609.04018,2609.03901,2026,shared-category
2609.04018,2609.03900,2026,shared-category
2609.04013,2609.04011,2026,shared-category
2609.04013,2609.04010,2026,shared-category
2609.04013,2609.04007,2026,shared-category
2609.04013,2609.03981,2026,shared-category
2609.04013,2609.03977,2026,shared-category
2609.04013,2609.03972,2026,shared-category
2609.04013,2609.03956,2026,shared-category
2609.04013,2609.03955,2026,shared-category
2609.04013,2609.03949,2026,shared-category
2609.04013,2609.03941,2026,shared-category
2609.04013,2609.03937,2026,shared-category
2609.04013,2609.03931,2026,shared-category
2609.04013,2609.03901,2026,shared-category
2609.04013,2609.03900,2026,shared-category
2609.04011,2609.04010,2026,shared-category
2609.04011,2609.04007,2026,shared-category
2609.04011,2609.03981,2026,shared-category
2609.04011,2609.03977,2026,shared-category
2609.04011,2609.03972,2026,shared-category
2609.04011,2609.03956,2026,shared-category
2609.04011,2609.03955,2026,shared-category
2609.04011,2609.03949,2026,shared-category
2609.04011,2609.03941,2026,shared-category
2609.04011,2609.03937,2026,shared-category
2609.04011,2609.03931,2026,shared-category
2609.04011,2609.03901,2026,shared-category
2609.04011,2609.03900,2026,shared-category
2609.04010,2609.04007,2026,shared-category
2609.04010,2609.03981,2026,shared-category
2609.04010,2609.03977,2026,shared-category
2609.04010,2609.03972,2026,shared-category
2609.04010,2609.03956,2026,shared-category
2609.04010,2609.03955,2026,shared-category
2609.04010,2609.03949,2026,shared-category
2609.04010,2609.03941,2026,shared-category
2609.04010,2609.03937,2026,shared-category
2609.04010,2609.03931,2026,shared-category
2609.04010,2609.03901,2026,shared-category
2609.04010,2609.03900,2026,shared-category
2609.04007,2609.03981,2026,shared-category
2609.04007,2609.03977,2026,shared-category
2609.04007,2609.03972,2026,shared-category
2609.04007,2609.03956,2026,shared-category
2609.04007,2609.03955,2026,shared-category
2609.04007,2609.03949,2026,shared-category
2609.04007,2609.03941,2026,shared-category
2609.04007,2609.03937,2026,shared-category
2609.04007,2609.03931,2026,shared-category
2609.04007,2609.03901,2026,shared-category
2609.04007,2609.03900,2026,shared-category
2609.03981,2609.03977,2026,shared-category
2609.03981,2609.03972,2026,shared-category
2609.03981,2609.03956,2026,shared-category
2609.03981,2609.03955,2026,shared-category
2609.03981,2609.03949,2026,shared-category
2609.03981,2609.03941,2026,shared-category
2609.03981,2609.03937,2026,shared-category
2609.03981,2609.03931,2026,shared-category
2609.03981,2609.03901,2026,shared-category
2609.03981,2609.03900,2026,shared-category
2609.03977,2609.03972,2026,shared-category
2609.03977,2609.03956,2026,shared-category
2609.03977,2609.03955,2026,shared-category
2609.03977,2609.03949,2026,shared-category
2609.03977,2609.03941,2026,shared-category
2609.03977,2609.03937,2026,shared-category
2609.03977,2609.03931,2026,shared-category
2609.03977,2609.03901,2026,shared-category
2609.03977,2609.03900,2026,shared-category
2609.03972,2609.03956,2026,shared-category
2609.03972,2609.03955,2026,shared-category
2609.03972,2609.03949,2026,shared-category
2609.03972,2609.03941,2026,shared-category
2609.03972,2609.03937,2026,shared-category
2609.03972,2609.03931,2026,shared-category
2609.03972,2609.03901,2026,shared-category
2609.03972,2609.03900,2026,shared-category
2609.03963,2609.03932,2026,shared-category
2609.03956,2609.03955,2026,shared-category
2609.03956,2609.03949,2026,shared-category
2609.03956,2609.03941,2026,shared-category
2609.03956,2609.03937,2026,shared-category
2609.03956,2609.03931,2026,shared-category
2609.03956,2609.03901,2026,shared-category
2609.03956,2609.03900,2026,shared-category
2609.03955,2609.03949,2026,shared-category
2609.03955,2609.03941,2026,shared-category
2609.03955,2609.03937,2026,shared-category
2609.03955,2609.03931,2026,shared-category
2609.03955,2609.03901,2026,shared-category
2609.03955,2609.03900,2026,shared-category
2609.03949,2609.03941,2026,shared-category
2609.03949,2609.03937,2026,shared-category
2609.03949,2609.03931,2026,shared-category
2609.03949,2609.03901,2026,shared-category
2609.03949,2609.03900,2026,shared-category
2609.03941,2609.03937,2026,shared-category
2609.03941,2609.03931,2026,shared-category
2609.03941,2609.03901,2026,shared-category
2609.03941,2609.03900,2026,shared-category
2609.03937,2609.03931,2026,shared-category
2609.03937,2609.03901,2026,shared-category
2609.03937,2609.03900,2026,shared-category
2609.03931,2609.03901,2026,shared-category
2609.03931,2609.03900,2026,shared-category
2609.03901,2609.03900,2026,shared-category
